﻿<?xml version="1.0" encoding="utf-8" ?>
<RecipeDefs>
    <RecipeDef>
    <defName>MakeStuddedLeather</defName>
    <label>Make studded leather</label>
    <description>Make studded leather armor material from leathers and steel.</description>
    <jobString>Making studded leather.</jobString>
    <workAmount>350</workAmount>
    <workSkill>Crafting</workSkill>
    <workSpeedStat>TailoringSpeed</workSpeedStat>
    <soundWorking>Recipe_Tailor</soundWorking>
    <recipeUsers>
      <li>HandTailoringBench</li>
      <li>ElectricTailoringBench</li>	  
    </recipeUsers>
	<allowMixingIngredients>true</allowMixingIngredients>	
    <ingredients>
      <li>
        <filter>
          <categories>
            <li>Leathers</li>			
          </categories>
        </filter>
        <count>50</count>
      </li> 
      <li>
        <filter>
          <thingDefs>
            <li>Steel</li>			
          </thingDefs>
        </filter>
        <count>1</count>
      </li>	  
    </ingredients>
    <fixedIngredientFilter>
      <categories>
        <li>Leathers</li>	
      </categories>	
      <thingDefs>	  
		<li>Steel</li>	
      </thingDefs>	
	  <exceptedThingDefs>
		<li>StuddedLeather</li>
	  </exceptedThingDefs>		  
    </fixedIngredientFilter>
    <defaultIngredientFilter>
      <categories>
        <li>Leathers</li>	
      </categories>		
      <thingDefs>		  
		<li>Steel</li>
      </thingDefs>
    </defaultIngredientFilter>	
    <products>
      <StuddedLeather>50</StuddedLeather>
    </products>	
  </RecipeDef>
  <RecipeDef>
    <defName>MakeDevilLeather</defName>
    <label>Make devil leather</label>
    <description>Make devil leather armor material from leathers, devilstrand and plassteel.</description>
    <jobString>Making devil leather.</jobString>
    <workAmount>350</workAmount>
    <workSkill>Crafting</workSkill>
    <workSpeedStat>TailoringSpeed</workSpeedStat>
    <soundWorking>Recipe_Tailor</soundWorking>
    <recipeUsers>
      <li>HandTailoringBench</li>
      <li>ElectricTailoringBench</li>	  
    </recipeUsers>
	<allowMixingIngredients>true</allowMixingIngredients>	
    <ingredients>
      <li>
        <filter>
          <categories>
            <li>Leathers</li>			
          </categories>
        </filter>
        <count>50</count>
      </li>
      <li>
        <filter>
          <thingDefs>
            <li>DevilstrandCloth</li>			
          </thingDefs>
        </filter>
        <count>50</count>
      </li>	 
      <li>
        <filter>
          <thingDefs>
            <li>Plasteel</li>			
          </thingDefs>
        </filter>
        <count>1</count>
      </li>	  
    </ingredients>
    <fixedIngredientFilter>
      <categories>
        <li>Leathers</li>	
      </categories>	
      <thingDefs>
		<li>DevilstrandCloth</li>		  
		<li>Plasteel</li>	
      </thingDefs>	
	  <exceptedThingDefs>
		<li>DevilLeather</li>
	  </exceptedThingDefs>		  
    </fixedIngredientFilter>
    <defaultIngredientFilter>
      <categories>
        <li>Leathers</li>	
      </categories>		
      <thingDefs>
		<li>DevilstrandCloth</li>		  
		<li>Plasteel</li>
      </thingDefs>
    </defaultIngredientFilter>	
    <products>
      <DevilLeather>50</DevilLeather>
    </products>	
  </RecipeDef>
  
</RecipeDefs>