﻿<?xml version="1.0" encoding="utf-8" ?>
<Defs>
  
  <ThingDef ParentName="ResourceBase">
    <defName>TreatedFabric</defName>
    <label>weather-treated fabric</label>
    <description>Fabric, treated with a water repellent. Good for both hot and cold climates.</description>
   <graphicData>
      <texPath>Things/Item/Resource/Cloth</texPath>
      <graphicClass>Graphic_Single</graphicClass>
      <color>(219,39,219)</color>
    </graphicData>
    <stackLimit>500</stackLimit>
    <drawGUIOverlay>true</drawGUIOverlay>
    <statBases>
      <MaxHitPoints>100</MaxHitPoints>
      <MarketValue>4.5</MarketValue>
      <Flammability>1.0</Flammability>
      <DeteriorationRate>1</DeteriorationRate>	  	  
    </statBases>
    <thingCategories>
      <li>Textiles</li>
    </thingCategories>	
    <stuffProps>	
      <categories>
        <li>Fabric</li>
      </categories>
      <color>(219,39,219)</color>
      <statFactors>
        <WorkToMake>0.8</WorkToMake>	  
        <Insulation_Cold>1.3</Insulation_Cold>
        <Insulation_Heat>1.1</Insulation_Heat>		
      </statFactors>	  
    </stuffProps>	  
  </ThingDef>
  
</Defs>